hash,createDB,sizeResult,buildTime
d6c44a8787b6cbb5bbcdce76c398939ead619782d43617ada566eeb6bb5fae045a600203f141903ecf08c1f2742b8917e51bc9f665325f204552de4270d4e240,1,30,0:01:55.322023_0
a6c9b5fdf2f4288d9b5a9ffb79bc3e206c1ae3d54eeea4173363c583612f960cc6a5541c4aa630c9501215d6e9c5b6fb8bfe05c857a4b94b2e88e601d74f6d11,1,30,0:01:21.365284_0
e0eb7f65f1b4f436a367fd7fd4b4812fdbe39783ff9317dfbd9d68ab4ef07f38290e1601edd13d4b6eaea1d1592ec6bc89ed60768ee94bd1d568e999e8f056c0,1,30,0:00:18.504050_0
