hash,createDB,sizeResult,buildTime
c39e70b66c0242fc75408e64c303716098adfb75f220cb99937f912a3a8f15c1946c9184f325628497464bcdd8fdd18ade1ad5d2ac7a9c802bbe3327db408317,1,37,0:00:25.952459_0
3d7941cb3b1a48e7087fc362332757462dc36cf7b9e7bdb532e2c449dd5645d9c48c5094983c9d92888e3da6852601f73b4cdf226a683113eb41e832e1fa0075,1,37,0:00:06.334936_0
f026e0cf5df2522a8db7737ac20ecc6060f68c63840f8548da860a8e6681df25e0046e02f89248ebfcfe50a97a5088bd6c3fce3af5c76632660b6a2684a4c0ab,1,37,0:00:04.952298_0
dc3b9ea323e33bf3661b9277e360d559482b87b83a87dded5be31b63afe354481a14b36b6f3da4235376522668584f15be4a068aab20cb4101222e45c9507944,1,37,0:00:07.140228_0
bb8a52148cdc4aea9d5b6206ae1e13c77261c76299c528cea3b396c8e02851bd51cf38c10a58393e2149bfc88bbee5eb4f8482c051101823e1817afb88425246,1,37,0:00:06.493241_0
060b469626a03f4d55fc0a8de1b9edccac5e01c1e530cf7cc1d5a0c52f733b660ae399ce4afbecca530d8b3a5dae50df80f325246c97252c2b6a021c0d96a1b8,1,37,0:00:06.520725_0
faa8c46e7e3464490513dac9bd15cc3f98a356fbc9fa8971c5617913297208c6501e3b0e21015906005ea87ac582f3119e0e964659a71eb6fefc5fba03a4400c,1,37,0:00:07.294004_0
d06c84306bfc03c2ea63ab57b7c61398f538a85049a77a48ea91b61792304f6704d06ae223e8f1f0e8b45b7552482ccf3c4c531d656a18bb8013ad76cfb8470f,1,37,0:00:05.399183_0
