hash,createDB,sizeResult,buildTime
16a1a0d4cba324213364babc8bf6026da1525799b39b2a35d063a6ca34c7255ce12ed7c05513b74a56ce3b056618f934ee92c1c5716c143c0cd1d6ede6c0d2e9,1,142,0:02:50.269709_0
be3e2b3b1280cc33f7051a19d0a16e5e6a158ae91a6cf34a8ba92fc90fbbc084130039134febc5c9de70a85e04644b1a51222867de80ede6bad1a270ec64fda6,1,142,0:00:26.014827_0
280fe97dfea07293b32337e41a026fc3ebc50d4b2a5215b08645c2ebe655a575838f07b39fd094e7fe9b77fa8e8501c6c5edc33833137f1fde2780a75d5f806e,1,142,0:01:22.504653_0
b51cb8a77172ca4e2f6eb0b65b131507acac2cce8b881a8deb93a2fb9d8a09837c9c8fd4544c017f048e26b80716fb5e0c1bd1ef81c1d768ff69808bb0cd701d,1,142,0:00:57.085902_0
