hash,createDB,sizeResult,buildTime
16a1a0d4cba324213364babc8bf6026da1525799b39b2a35d063a6ca34c7255ce12ed7c05513b74a56ce3b056618f934ee92c1c5716c143c0cd1d6ede6c0d2e9,1,37,0:00:39.195304_0
be3e2b3b1280cc33f7051a19d0a16e5e6a158ae91a6cf34a8ba92fc90fbbc084130039134febc5c9de70a85e04644b1a51222867de80ede6bad1a270ec64fda6,1,37,0:00:08.970330_0
280fe97dfea07293b32337e41a026fc3ebc50d4b2a5215b08645c2ebe655a575838f07b39fd094e7fe9b77fa8e8501c6c5edc33833137f1fde2780a75d5f806e,1,37,0:00:18.553034_0
b51cb8a77172ca4e2f6eb0b65b131507acac2cce8b881a8deb93a2fb9d8a09837c9c8fd4544c017f048e26b80716fb5e0c1bd1ef81c1d768ff69808bb0cd701d,1,37,0:00:13.886762_0
277f6e244ac670476228c122a87cf1168ebea1e61ece57a4ca09f062cfe98ff47e95f57cfe00e3e74bb738186abe61f16856d1805aab2694b44614fbe7927ceb,1,37,0:00:26.644796_0
