hash,createDB,sizeResult,buildTime
eb97b21d7df3cf96191db3321761dbb3cc050731934a74062c20d887549819c5f64523c06f5557195015c358a4ade6738797b34a5f89e6cc629ed3af036fecf8,1,159,0:01:53.899461_0
36f8831ea5ae15793df8bae713439ddb275efd1eb0bb5fbac94542e9cf2760299702d18ccc5e1b5cc4a4cd62c345d6b05f68ab59de580facc5c652d6562381bf,1,159,0:00:18.344046_0
