hash,createDB,sizeResult,buildTime
eb97b21d7df3cf96191db3321761dbb3cc050731934a74062c20d887549819c5f64523c06f5557195015c358a4ade6738797b34a5f89e6cc629ed3af036fecf8,1,159,0:01:53.899461_0
36f8831ea5ae15793df8bae713439ddb275efd1eb0bb5fbac94542e9cf2760299702d18ccc5e1b5cc4a4cd62c345d6b05f68ab59de580facc5c652d6562381bf,1,159,0:00:18.344046_0
17eb9eef216f8991d5763f076d634c6e2c6166768405003d198af8b51bc18d520bb3a792cb3caa6a9b2d8a983e58abd047d56f302fefd7e3cbb96120c6989ed0,1,159,0:00:22.506023_0
ad58c8a24f900dda18cd26514f094eb7689cc705982a72e98f61a22533e03363fd24f207a9c69981cecdcca7ea4244142253a79da99bf27c201fa0e8036464ba,1,159,0:00:22.316556_0
5c7ad7ed260c5f4eb92aa20c4537889885bd7dc710e08191d6843075f6e374c838629a8e6843cb7b299a83d829f78367bd29e4d7e2405bdbddb6a0280494e8e5,1,159,0:01:06.360336_0
