hash,createDB,sizeResult,buildTime
e1459548af07a8ff7d7f96071ccb6083c9c561a67576dcb1df6ccb56c76c3371e72756597a57e95b0fe13996228d8c419ed6b638d631e743a64a94ad08efdb25,1,159,0:01:12.814410_0
4c32374ebfd726a694c3b62594d6c1f37f86f1b45372359b5f513abf31bbd6858950f328f3f2ffd96cf894173e237dc0af6d8cc0ddcae5b0b23c2154a8ce6cfb,1,159,0:00:11.119915_0
b6ba92469491fa2e79bb822a44063657deced6a59c78248f621a94f0702cad923e339add47c6dc32ebc11fce9e00ce1e3c22962a00dd2100f50c25c732d45379,1,159,0:00:11.598516_0
e207484b083edcba92bf4cc589b5666ffbb6fbb0337c892b6b5622be17f4eab8cbbe9dec2ea71bcbd0628223968471039d3f02fabc7a61ea1a67e28ab1a85042,1,159,0:00:11.843999_0
15c19c559eadaff54934e15f9eccb56577a32448804eec48afc611506897eb4cfd397b7148d6f6547764f7b58479b871f791e2dcaa5eb8f0cf835dff1a7ce10a,1,159,0:00:15.788748_0
b3e97d6e82a74a67dca335f19e42e83e25f4e138af518add6fda59a571eb20c74b85f4022d7bc693449ebcd5f244f62fdada80829b1e5ce2cde3596d293d76ad,1,159,0:00:11.829142_0
463db2152028c30354b914a43a7386b36dfbe8bd568248f8152c590ba1e772f19eece6205ad7328f43a0ef47a2a12868c6c25235bd204d8ddc4ca1156d071de3,1,159,0:00:30.726103_0
