hash,createDB,sizeResult,buildTime
e1459548af07a8ff7d7f96071ccb6083c9c561a67576dcb1df6ccb56c76c3371e72756597a57e95b0fe13996228d8c419ed6b638d631e743a64a94ad08efdb25,1,142,0:01:33.280656_0
4c32374ebfd726a694c3b62594d6c1f37f86f1b45372359b5f513abf31bbd6858950f328f3f2ffd96cf894173e237dc0af6d8cc0ddcae5b0b23c2154a8ce6cfb,1,142,0:00:13.745880_0
b6ba92469491fa2e79bb822a44063657deced6a59c78248f621a94f0702cad923e339add47c6dc32ebc11fce9e00ce1e3c22962a00dd2100f50c25c732d45379,1,142,0:00:13.517669_0
e207484b083edcba92bf4cc589b5666ffbb6fbb0337c892b6b5622be17f4eab8cbbe9dec2ea71bcbd0628223968471039d3f02fabc7a61ea1a67e28ab1a85042,1,142,0:00:14.372724_0
